age,unit,geo\time	2018 	2017 	2016 	2015 	2014 	2013 	2012 	2011 
TOTAL,PC_EMP,AT	4.2 	4.1 	4.1 	4.0 	4.0 	4.2 	4.0 	3.8 
TOTAL,PC_EMP,BE	4.3 b	4.3 b	3.9 	4.0 	4.0 	3.8 	4.0 b	3.8 
TOTAL,PC_EMP,BG	2.7 	2.7 	2.8 	2.8 	2.6 	2.7 	2.6 	2.5 
TOTAL,PC_EMP,CH	4.8 	4.7 	4.8 	4.9 	4.7 	4.8 	4.9 	4.8 
TOTAL,PC_EMP,CY	3.5 	3.5 	3.5 	3.4 b	3.1 	3.3 	3.0 	2.9 
TOTAL,PC_EMP,CZ	3.7 	3.9 	4.1 	3.7 	3.8 	3.9 	3.8 	3.6 
TOTAL,PC_EMP,DE	4.0 	4.0 	4.0 	4.1 	4.1 	4.2 	4.3 b	4.1 
TOTAL,PC_EMP,DK	4.2 	4.3 b	4.4 b	4.6 	4.6 	4.7 	4.7 	4.6 
TOTAL,PC_EMP,EE	5.6 	5.5 	5.3 	5.3 	4.6 	5.6 	5.8 	5.1 
TOTAL,PC_EMP,EL	3.3 	3.2 	3.2 	2.9 	3.2 	3.5 	3.5 	3.1 
TOTAL,PC_EMP,ES	3.5 	3.6 	3.5 	3.4 	3.4 	3.2 	3.1 	3.1 
TOTAL,PC_EMP,EU28	3.8 	3.8 	3.7 	3.7 	3.7 	3.8 	3.8 	3.6 
TOTAL,PC_EMP,FI	4.9 	4.7 	4.8 	5.1 	4.8 	4.8 	5.0 	5.2 
TOTAL,PC_EMP,FR	3.6 	3.5 	3.3 	3.2 	3.4 b	3.5 b	3.3 	3.4 
TOTAL,PC_EMP,HR	3.3 	3.5 	3.1 	3.4 	3.8 	3.4 	3.7 	3.6 
TOTAL,PC_EMP,HU	3.4 	3.3 	3.6 	3.7 	3.7 	3.9 	3.7 	3.7 
TOTAL,PC_EMP,IE	3.4 	3.5 b	3.8 	3.7 	3.8 	3.7 	3.5 	3.6 
TOTAL,PC_EMP,IS	5.5 	5.8 	6.2 	6.0 	5.7 	5.8 	5.4 	5.4 
TOTAL,PC_EMP,IT	3.6 	3.6 b	3.4 	3.5 	3.5 	3.5 	3.6 	3.5 
TOTAL,PC_EMP,LT	4.0 	3.7 	3.6 	4.0 	4.0 	3.8 	3.7 	3.6 
TOTAL,PC_EMP,LU	5.3 	4.6 	5.1 	5.0 b	6.0 	5.2 	5.3 	5.2 
TOTAL,PC_EMP,LV	3.5 	4.0 	4.5 	4.0 	3.9 	3.9 	3.6 	3.4 
TOTAL,PC_EMP,ME	4.0 	3.6 	3.3 	3.3 	4.1 	4.6 	3.6 	4.1 
TOTAL,PC_EMP,MK	3.1 	3.2 	3.2 	3.0 	3.2 	3.4 	4.0 	3.9 
TOTAL,PC_EMP,MT	5.2 	4.8 	4.3 	4.5 	4.5 	4.2 	4.1 	3.9 
TOTAL,PC_EMP,NL	4.6 	4.5 	4.5 	4.6 	4.6 	4.7 b	4.5 	4.4 
TOTAL,PC_EMP,NO	3.8 	3.9 	3.9 	3.9 	4.0 	4.4 	4.6 	4.5 
TOTAL,PC_EMP,PL	3.6 	3.5 	3.4 	3.3 	3.2 	3.2 	3.2 	3.2 
TOTAL,PC_EMP,PT	3.2 	3.1 	3.0 	3.1 	3.0 	2.9 	2.8 	2.8 
TOTAL,PC_EMP,RO	1.6 	1.6 	1.6 	1.5 	1.5 	1.4 	1.5 	1.4 
TOTAL,PC_EMP,RS	3.0 	3.1 	3.1 	3.2 b	3.6 b	3.6 	1.9 	2.1 
TOTAL,PC_EMP,SE	4.6 	4.8 	5.0 	4.7 	4.7 	4.8 	4.8 	4.7 
TOTAL,PC_EMP,SI	4.7 	4.7 	4.6 	4.5 	4.7 	5.0 	4.6 	4.3 
TOTAL,PC_EMP,SK	2.8 	2.9 	2.5 	2.5 	2.6 	2.2 	2.6 	2.6 
TOTAL,PC_EMP,TR	2.3 	2.3 	2.2 	2.2 	2.3 b	2.2 	2.1 	2.2 
TOTAL,PC_EMP,UK	4.5 	4.7 	4.6 	4.6 	4.5 	4.5 	4.5 	4.3 
TOTAL,THS_PER,AT	180.3 	174.7 	171 	164.3 	163.8 	173.9 	164.3 	155.1 
TOTAL,THS_PER,BE	204.6 b	197.8 b	179.4 	181.5 	183.8 	169.9 	182.6 b	169.4 
TOTAL,THS_PER,BG	84.3 	85.1 	84.3 	83.9 	78.2 	78.2 	76.7 	75 
TOTAL,THS_PER,CH	223.2 	220 	221 	224.5 	210.1 	210.9 	212.8 	207.2 
TOTAL,THS_PER,CY	13.8 	13.4 	12.6 	12.1 b	11.1 	11.9 	11.5 	11.5 
TOTAL,THS_PER,CZ	197.5 	204.3 	210.2 	187 	191.2 	191.4 	184.2 	176.9 
TOTAL,THS_PER,DE	1661.3 	1663.7 	1656.5 	1643.5 	1642.2 	1660 	1689.5 b	1573.2 
TOTAL,THS_PER,DK	119.3 	122 b	125.6 b	126.1 	123.5 	125 	125.9 	123.1 
TOTAL,THS_PER,EE	37.2 	35.9 	34.2 	33.7 	28.9 	34.7 	35.5 	30.5 
TOTAL,THS_PER,EL	124.7 	120.5 	118.2 	103.9 	112.9 	121.8 	128.5 	126.8 
TOTAL,THS_PER,ES	677.7 	671.6 	634.3 	607.4 	583.4 	552.5 	551.5 	563.3 
TOTAL,THS_PER,EU28	8736.1 	8658.7 	8405.9 	8259.3 	8165.5 	8096.9 	8114.2 	7852.4 
TOTAL,THS_PER,FI	125.7 	115.5 	116.8 	123.3 	118.5 	118.9 	124.8 	128.9 
TOTAL,THS_PER,FR	965.7 	939.4 	889.1 	848.5 	884.6 b	894.9 b	863.2 	884.8 
TOTAL,THS_PER,HR	54.2 	57.5 	48.7 	53.7 	59.3 	52.3 	57.6 	58.1 
TOTAL,THS_PER,HU	150.1 	147.1 	157.1 	155.5 	149.9 	151.2 	143.1 	139.9 
TOTAL,THS_PER,IE	77 	77.3 b	80.5 	76.2 	75.6 	72.6 	66.1 	67.5 
TOTAL,THS_PER,IS	10.8 	11.2 	11.9 	11 	10.1 	10 	9.1 	9 
TOTAL,THS_PER,IT	830.7 	825.5 b	765.9 	785.7 	781.4 	784.3 	812.7 	783.1 
TOTAL,THS_PER,LT	55.5 	49.8 	48.9 	53.3 	53.1 	49.1 	47.5 	45.6 
TOTAL,THS_PER,LU	14.9 	12.4 	13.2 	12.9 b	14.7 	12.4 	12.6 	11.8 
TOTAL,THS_PER,LV	32 	36 	40.1 	36.2 	34.7 	34.7 	31.6 	29.1 
TOTAL,THS_PER,ME	9.5 	8.2 	7.3 	7.3 	8.9 	9.3 	7.2 	7.9 
TOTAL,THS_PER,MK	23.2 	23.9 	22.9 	21.1 	22 	23 	26.1 	24.9 
TOTAL,THS_PER,MT	12.1 	10.6 	8.9 	9 	8.5 	7.6 	7.1 	6.5 
TOTAL,THS_PER,NL	408.4 	390.2 	378.3 	382.6 	381.2 	386.1 b	376.1 	366.1 
TOTAL,THS_PER,NO	101.4 	102.2 	102.5 	102.5 	105.5 	113.9 	119.3 	113.1 
TOTAL,THS_PER,PL	586 	569.2 	544.4 	530.5 	508.2 	492.6 	497.6 	493.1 
TOTAL,THS_PER,PT	158.1 	145.6 	139.4 	142.3 	135.8 	127.6 	128.9 	133.7 
TOTAL,THS_PER,RO	141 	141.1 	133.7 	126.1 	130.5 	116.3 	131.9 	117.2 
TOTAL,THS_PER,RS	85.5 	86.9 	84.1 	82.7 b	92.3 b	82.2 	41.3 	46.8 
TOTAL,THS_PER,SE	234.9 	242.5 	243.1 	229.6 	224.5 	225 	223 	219.6 
TOTAL,THS_PER,SI	46.5 	45.4 	42.3 	41.6 	42.8 	44.9 	42.8 	40.6 
TOTAL,THS_PER,SK	71.6 	72.6 	62.1 	60.9 	62 	52.3 	59.4 	60.4 
TOTAL,THS_PER,TR	659.2 	644.7 	607 	591.7 	591.2 b	566 	517.5 	522.2 
TOTAL,THS_PER,UK	1471.2 	1491.9 	1467.3 	1448.1 	1381.1 	1354.6 	1338 	1261.2 
Y15-29,PC_EMP,AT	4.0 	4.0 	3.4 	3.0 	3.7 	4.4 	3.6 	3.4 
Y15-29,PC_EMP,BE	4.2 b	4.3 b	3.9 	3.7 	3.8 	3.3 	4.0 b	3.4 
Y15-29,PC_EMP,BG	2.4 	2.4 	3.2 	3.3 	2.7 	2.6 	2.8 	3.1 
Y15-29,PC_EMP,CH	4.0 	4.0 	4.3 	4.5 	3.9 	3.5 	3.9 	3.9 
Y15-29,PC_EMP,CY	3.1 	3.9 	4.0 	3.4 b	2.7 	2.8 	2.8 	2.5 
Y15-29,PC_EMP,CZ	3.4 	4.0 	3.7 	3.4 	3.8 	4.2 	3.6 	3.5 
Y15-29,PC_EMP,DE	3.5 	3.5 	3.5 	3.5 	3.6 	3.6 	3.8 b	3.7 
Y15-29,PC_EMP,DK	3.9 	4.0 b	4.2 b	4.4 	4.3 	4.2 	4.1 	4.2 
Y15-29,PC_EMP,EE	7.4 	5.8 	5.7 	4.6 	5.3 	6.4 	6.6 	5.1 
Y15-29,PC_EMP,EL	3.5 	3.2 	2.7 	3.1 	3.0 	3.6 	3.4 	2.3 
Y15-29,PC_EMP,ES	4.2 	4.0 	3.7 	3.4 	3.5 	3.0 	3.4 	3.6 
Y15-29,PC_EMP,EU28	3.7 	3.8 	3.6 	3.5 	3.6 	3.5 	3.7 	3.5 
Y15-29,PC_EMP,FI	4.2 	4.0 	3.9 	4.2 	4.2 	4.2 	4.7 	4.6 
Y15-29,PC_EMP,FR	3.3 	3.5 	3.2 	2.9 	3.3 b	3.6 b	3.6 	3.3 
Y15-29,PC_EMP,HR	2.7 u	3.4 	2.6 u	2.8 u	4.1 	3.1 u	3.6 u	2.6 u
Y15-29,PC_EMP,HU	3.9 	3.3 	3.5 	3.5 	3.8 	3.5 	4.1 	3.6 
Y15-29,PC_EMP,IE	2.7 	2.8 b	3.5 	3.3 	3.5 	3.0 	3.0 	3.2 
Y15-29,PC_EMP,IS	3.8 	3.9 	5.3 	5.9 	5.0 	4.5 	4.9 	4.9 
Y15-29,PC_EMP,IT	3.5 	3.7 b	3.3 	3.5 	3.1 	3.0 	3.3 	3.1 
Y15-29,PC_EMP,LT	4.6 	3.3 	3.4 	4.3 	3.9 	3.2 	3.9 	3.7 u
Y15-29,PC_EMP,LU	4.4 	3.0 	4.3 	4.0 b	4.1 	4.1 	4.1 	4.5 
Y15-29,PC_EMP,LV	4.5 	5.5 	6.2 	5.1 	4.4 	4.0 	3.5 	4.1 
Y15-29,PC_EMP,ME	4.3 	4.6 	: u	2.8 u	4.6 	6.0 	4.3 u	4.3 u
Y15-29,PC_EMP,MK	3.5 	3.4 	3.5 	3.9 	2.9 	4.1 	4.6 	4.6 
Y15-29,PC_EMP,MT	4.5 	3.8 	3.1 	4.6 	4.6 	4.2 	4.2 	4.5 
Y15-29,PC_EMP,NL	4.4 	4.4 	3.9 	4.0 	4.0 	4.0 b	4.3 	4.4 
Y15-29,PC_EMP,NO	3.0 	3.3 	3.3 	3.2 	3.8 	4.3 	4.3 	4.1 
Y15-29,PC_EMP,PL	3.8 	3.6 	3.4 	3.4 	3.3 	3.5 	3.7 	3.8 
Y15-29,PC_EMP,PT	4.3 	3.6 	3.5 	4.3 	3.2 	3.1 	3.1 	3.2 
Y15-29,PC_EMP,RO	1.5 	1.7 	1.9 	1.9 	1.9 	1.8 	1.5 	1.7 
Y15-29,PC_EMP,RS	3.2 	3.3 	3.2 	3.4 b	3.4 b	3.0 	1.4 u	2.1 u
Y15-29,PC_EMP,SE	3.9 	4.3 	4.4 	4.3 	4.3 	4.4 	4.3 	4.2 
Y15-29,PC_EMP,SI	5.0 	4.0 	3.3 	4.8 	4.1 	5.0 	4.2 	4.9 
Y15-29,PC_EMP,SK	2.6 	2.5 	2.3 	2.4 	2.7 	2.5 	2.6 	2.5 
Y15-29,PC_EMP,TR	2.3 	2.3 	2.5 	2.5 	2.4 b	2.3 	2.2 	2.5 
Y15-29,PC_EMP,UK	4.1 	4.6 	4.4 	4.1 	4.2 	3.8 	4.0 	3.8 
Y15-29,THS_PER,AT	38 	37.8 	32.6 	28.4 	35 	41.9 	35.2 	33.1 
Y15-29,THS_PER,BE	36.9 b	36.3 b	32.6 	31.5 	31.7 	28 	34.6 b	30.1 
Y15-29,THS_PER,BG	10.5 	11.3 	14.2 	15.4 	12.7 	12.1 	13.8 	15.4 
Y15-29,THS_PER,CH	42 	42 	45 	47.3 	39.9 	35.8 	40.1 	40.2 
Y15-29,THS_PER,CY	2.7 	3.1 	3 	2.5 b	2.2 	2.2 	2.4 	2.2 
Y15-29,THS_PER,CZ	27.3 	32.8 	30 	28 	31 	34.3 	29.3 	29.2 
Y15-29,THS_PER,DE	283 	286.4 	278.4 	269.7 	275.9 	281.7 	292.3 b	290.2 
Y15-29,THS_PER,DK	27.6 	27.5 b	29.4 b	28.8 	27.3 	26.2 	25.3 	26.1 
Y15-29,THS_PER,EE	9.4 	7.5 	7.1 	5.8 	6.4 	7.8 	8.1 	6.3 
Y15-29,THS_PER,EL	17 	15.2 	13.1 	14.8 	13.9 	16.1 	17.9 	14.4 
Y15-29,THS_PER,ES	111.3 	101.7 	89.8 	82 	82.9 	71.1 	89.4 	109.9 
Y15-29,THS_PER,EU28	1561.9 	1599 	1504.4 	1444.6 	1456.7 	1424.6 	1503.1 	1495.3 
Y15-29,THS_PER,FI	22.1 	20.8 	20 	21.1 	21.5 	22 	24.8 	23.9 
Y15-29,THS_PER,FR	167.1 	174.7 	155.5 	143.7 	163.7 b	175.9 b	174.3 	166.1 
Y15-29,THS_PER,HR	7.9 u	10.1 	7.5 u	7.3 u	10.8 	7.5 u	9.4 u	7.4 u
Y15-29,THS_PER,HU	29.8 	25.7 	26.4 	25.2 	26.7 	22.7 	25.4 	22.4 
Y15-29,THS_PER,IE	12.8 	12.9 b	16.2 	14.3 	14.5 	12.6 	12.7 	14.4 
Y15-29,THS_PER,IS	2 	2 	2.7 	2.8 	2.3 	2 	2.1 	2.1 
Y15-29,THS_PER,IT	98.7 	102.8 b	91.1 	92.2 	81.1 	82.3 	99 	97.3 
Y15-29,THS_PER,LT	10.8 	7.9 	8.4 	10.7 	9.7 	7.6 	8.8 	7.7 u
Y15-29,THS_PER,LU	2.4 	1.6 	2.2 	2.1 b	1.7 	1.6 	1.7 	1.8 
Y15-29,THS_PER,LV	7 	9.1 	10.6 	9.1 	7.9 	7.3 	6.2 	7.3 
Y15-29,THS_PER,ME	2 	2.2 	: u	1.3 u	1.9 	2.4 	1.6 u	1.5 u
Y15-29,THS_PER,MK	4.4 	4.4 	4.3 	4.9 	3.6 	5.1 	5.7 	5.6 
Y15-29,THS_PER,MT	2.9 	2.3 	1.7 	2.5 	2.4 	2.1 	2.1 	2.2 
Y15-29,THS_PER,NL	99.8 	97.9 	83.7 	83.6 	82.4 	81.7 b	89.1 	91.5 
Y15-29,THS_PER,NO	18.7 	20.1 	19.7 	19.3 	22.7 	26.1 	25.9 	23.8 
Y15-29,THS_PER,PL	116.8 	111.5 	107 	104.2 	102.9 	109.8 	120.9 	126.6 
Y15-29,THS_PER,PT	31.3 	25.8 	23.5 	28.3 	20.8 	20.1 	22 	25.2 
Y15-29,THS_PER,RO	21.3 	25.3 	28.4 	28.8 	29.2 	26.1 	22.3 	25.4 
Y15-29,THS_PER,RS	13.2 	13.5 	12.6 	12.7 b	12.3 b	9.1 	4.4 u	6.3 u
Y15-29,THS_PER,SE	44 	47.2 	47.5 	44.8 	44.1 	43.7 	41.3 	41.1 
Y15-29,THS_PER,SI	8 	6.5 	4.9 	7.3 	6.1 	7.6 	6.9 	8.7 
Y15-29,THS_PER,SK	11.8 	11.6 	10.4 	10.9 	11.5 	10.7 	11.3 	11.2 
Y15-29,THS_PER,TR	181.3 	179.3 	191.8 	188.7 	181.2 b	169.9 	159.7 	179 
Y15-29,THS_PER,UK	303.8 	345.7 	329.2 	301.4 	300.8 	261.7 	276.5 	258.1 
Y30-39,PC_EMP,AT	5.0 	4.6 	4.8 	4.8 	4.1 	4.3 	5.0 	4.3 
Y30-39,PC_EMP,BE	4.6 b	4.8 b	4.1 	4.5 	4.6 	4.6 	4.5 b	4.1 
Y30-39,PC_EMP,BG	3.0 	2.9 	2.8 	2.9 	2.9 	3.0 	3.0 	2.8 
Y30-39,PC_EMP,CH	5.4 	5.4 	5.7 	5.5 	5.3 	4.9 	5.3 	5.4 
Y30-39,PC_EMP,CY	4.1 	3.9 	3.6 	3.0 b	3.0 	2.9 	2.8 	3.1 
Y30-39,PC_EMP,CZ	4.3 	4.6 	4.5 	4.3 	3.9 	4.1 	3.7 	3.5 
Y30-39,PC_EMP,DE	4.2 	4.2 	4.3 	4.5 	4.5 	4.7 	4.8 b	4.6 
Y30-39,PC_EMP,DK	4.9 	4.8 b	5.6 b	5.7 	5.0 	5.5 	5.5 	5.4 
Y30-39,PC_EMP,EE	6.1 	5.6 	6.3 	6.4 	4.7 	6.0 	5.3 	4.5 
Y30-39,PC_EMP,EL	3.6 	3.8 	4.0 	3.4 	3.4 	4.0 	4.0 	3.9 
Y30-39,PC_EMP,ES	3.8 	4.0 	3.8 	3.8 	4.1 	3.9 	3.6 	3.4 
Y30-39,PC_EMP,EU28	4.1 	4.1 	4.1 	4.1 	4.1 	4.2 	4.1 	4.0 
Y30-39,PC_EMP,FI	5.7 	5.3 	5.5 	5.7 	5.2 	6.0 	6.1 	6.4 
Y30-39,PC_EMP,FR	3.8 	3.5 	3.5 	3.6 	3.8 b	3.9 b	3.4 	3.9 
Y30-39,PC_EMP,HR	2.7 	3.6 	3.4 	4.0 	3.9 	4.3 	3.8 	5.2 
Y30-39,PC_EMP,HU	3.3 	3.6 	3.8 	3.7 	3.6 	4.5 	3.8 	3.9 
Y30-39,PC_EMP,IE	3.9 	3.6 b	3.5 	3.5 	3.9 	3.8 	3.7 	3.8 
Y30-39,PC_EMP,IS	6.9 	5.6 	6.9 	6.5 	7.6 	7.2 	6.9 	7.3 
Y30-39,PC_EMP,IT	3.7 	4.0 b	3.9 	3.7 	3.8 	3.9 	3.9 	3.8 
Y30-39,PC_EMP,LT	4.4 	3.7 	3.8 	3.8 	3.8 	3.7 	3.7 	3.4 
Y30-39,PC_EMP,LU	6.2 	5.5 	4.7 	4.8 b	5.4 	4.9 	5.7 	5.8 
Y30-39,PC_EMP,LV	3.9 	4.7 	4.1 	3.5 	3.9 	3.8 	3.4 	2.9 
Y30-39,PC_EMP,ME	4.9 	2.9 u	3.3 u	3.6 	4.2 	4.5 	3.8 	4.6 
Y30-39,PC_EMP,MK	3.5 	3.9 	3.5 	2.8 	4.2 	4.1 	4.5 	4.5 
Y30-39,PC_EMP,MT	5.7 	4.9 	5.3 	4.8 	5.1 	4.4 	4.5 	4.0 
Y30-39,PC_EMP,NL	5.2 	4.7 	5.2 	5.4 	4.9 	5.2 b	5.0 	4.6 
Y30-39,PC_EMP,NO	4.3 	4.6 	4.7 	4.3 	4.5 	5.1 	5.9 	5.5 
Y30-39,PC_EMP,PL	3.8 	3.8 	3.8 	3.7 	3.6 	3.6 	3.6 	3.5 
Y30-39,PC_EMP,PT	3.6 	4.0 	3.9 	4.0 	4.2 	4.1 	3.5 	3.5 
Y30-39,PC_EMP,RO	2.0 	1.9 	1.8 	1.7 	1.9 	1.5 	1.9 	1.5 
Y30-39,PC_EMP,RS	3.6 	4.0 	3.5 	3.5 b	4.3 b	4.3 	2.9 	2.6 
Y30-39,PC_EMP,SE	5.2 	5.3 	5.6 	5.5 	5.6 	5.4 	5.3 	5.3 
Y30-39,PC_EMP,SI	5.0 	6.1 	6.1 	5.4 	6.5 	6.0 	5.6 	5.2 
Y30-39,PC_EMP,SK	3.1 	3.5 	2.4 	2.8 	2.7 	2.3 	2.6 	2.8 
Y30-39,PC_EMP,TR	2.7 	2.7 	2.7 	2.6 	2.8 b	2.8 	2.5 	2.6 
Y30-39,PC_EMP,UK	5.0 	5.2 	5.1 	5.3 	4.9 	5.3 	4.9 	5.0 
Y30-39,THS_PER,AT	49.5 	45.7 	46.6 	45.6 	38 	39.7 	46.4 	40.3 
Y30-39,THS_PER,BE	55.5 b	56.4 b	48.7 	52.7 	53.4 	53.5 	53.3 b	48.8 
Y30-39,THS_PER,BG	23.4 	22.6 	21.7 	22.5 	22.5 	23.8 	24 	22.7 
Y30-39,THS_PER,CH	55.9 	54.5 	57.6 	54 	50.9 	46 	49.7 	50.4 
Y30-39,THS_PER,CY	4.5 	4.2 	3.7 	3.1 b	3.1 	3 	3 	3.4 
Y30-39,THS_PER,CZ	54.3 	59.5 	60.3 	57.2 	53.6 	57.5 	52.6 	49.4 
Y30-39,THS_PER,DE	365.4 	362.6 	364.2 	373.3 	370.1 	372.7 	381.4 b	363.7 
Y30-39,THS_PER,DK	27.2 	26.6 b	31.3 b	31.6 	28.6 	31.6 	32.2 	32.3 
Y30-39,THS_PER,EE	9.5 	8.5 	9.4 	9.5 	6.9 	8.7 	7.7 	6.4 
Y30-39,THS_PER,EL	36 	38.3 	40.3 	34.3 	33.9 	40.9 	43.1 	46.5 
Y30-39,THS_PER,ES	185.8 	196.5 	189.1 	196.6 	209.6 	201.3 	193.9 	195.2 
Y30-39,THS_PER,EU28	2203.3 	2209.5 	2186.1 	2201.1 	2186.9 	2233.7 	2177.7 	2182.1 
Y30-39,THS_PER,FI	32.9 	29.1 	30.6 	31.6 	28.8 	32.4 	32.8 	34.4 
Y30-39,THS_PER,FR	247.8 	229 	225.9 	228.5 	245.3 b	248.1 b	220.9 	255 
Y30-39,THS_PER,HR	12.6 	16.6 	15.2 	18 	17.2 	18.6 	16.2 	22.7 
Y30-39,THS_PER,HU	34.9 	39.1 	42.2 	42.2 	42.2 	51.7 	44.3 	44.7 
Y30-39,THS_PER,IE	23.1 	21.4 b	20.4 	20.6 	22.8 	21.4 	19.9 	20.4 
Y30-39,THS_PER,IS	3 	2.3 	2.6 	2.4 	2.8 	2.6 	2.5 	2.6 
Y30-39,THS_PER,IT	187.9 	205.6 b	204.4 	197.9 	212.2 	222.9 	233.2 	240.8 
Y30-39,THS_PER,LT	14.1 	11.7 	11.9 	11.6 	11.5 	11.5 	11.4 	10.6 
Y30-39,THS_PER,LU	5 	4.3 	3.5 	3.6 b	3.9 	3.4 	3.9 	3.8 
Y30-39,THS_PER,LV	8.5 	9.8 	8.6 	7.4 	8 	7.9 	7.1 	6 
Y30-39,THS_PER,ME	2.9 	1.6 u	1.9 u	2.1 	2.5 	2.5 	2.1 	2.3 
Y30-39,THS_PER,MK	7.6 	8.2 	7.3 	5.6 	8.2 	7.8 	8.2 	8.1 
Y30-39,THS_PER,MT	3.7 	3 	3 	2.6 	2.7 	2.2 	2.1 	1.7 
Y30-39,THS_PER,NL	93.4 	82.3 	88 	89.8 	83.3 	87.6 b	87.1 	82.1 
Y30-39,THS_PER,NO	25.6 	26.9 	27 	25.2 	26.4 	29.8 	34.2 	32.1 
Y30-39,THS_PER,PL	178.1 	177.7 	178.6 	177.6 	168.3 	165.4 	162.1 	154.7 
Y30-39,THS_PER,PT	40.3 	44.8 	45.1 	47.5 	50.7 	48.3 	41.9 	45.8 
Y30-39,THS_PER,RO	45.4 	43.6 	40 	38.5 	45.5 	36.4 	45.6 	36 
Y30-39,THS_PER,RS	26.4 	28.6 	24.5 	24 b	29.1 b	23.8 	15.1 	13.8 
Y30-39,THS_PER,SE	58.6 	58.3 	59.9 	58.1 	58.2 	56.8 	54.9 	55.7 
Y30-39,THS_PER,SI	12.9 	16 	15.9 	14 	17 	15.7 	15.2 	14 
Y30-39,THS_PER,SK	21.3 	24.4 	16.9 	19.3 	18.2 	15.6 	17.5 	18.8 
Y30-39,THS_PER,TR	222.4 	218.2 	213 	203.7 	216.6 b	216.8 	186.8 	185.8 
Y30-39,THS_PER,UK	371.8 	371.8 	360.6 	365.7 	331.3 	355.2 	323.8 	326.1 
Y40-49,PC_EMP,AT	3.9 	3.8 	4.2 	4.3 	4.1 	4.1 	3.7 	3.7 
Y40-49,PC_EMP,BE	4.3 b	4.0 b	3.7 	3.8 	4.1 	3.1 	3.5 b	3.6 
Y40-49,PC_EMP,BG	2.5 	2.6 	2.5 	2.4 	2.1 	2.3 	2.3 	2.0 
Y40-49,PC_EMP,CH	5.1 	4.8 	4.2 	4.4 	4.4 	4.9 	4.6 	4.2 
Y40-49,PC_EMP,CY	3.6 	3.1 	3.1 	3.2 b	3.2 	3.8 	2.9 	2.5 
Y40-49,PC_EMP,CZ	3.5 	3.4 	3.9 	3.4 	3.6 	3.5 	3.8 	3.5 
Y40-49,PC_EMP,DE	4.0 	3.9 	4.1 	4.1 	4.2 	4.3 	4.3 b	4.0 
Y40-49,PC_EMP,DK	4.3 	4.7 b	4.5 b	4.5 	4.6 	4.7 	4.6 	4.2 
Y40-49,PC_EMP,EE	4.4 	4.8 	4.5 	5.7 	4.6 	5.7 	5.5 	4.3 
Y40-49,PC_EMP,EL	3.5 	3.3 	3.3 	3.0 	3.5 	3.3 	3.1 	2.7 
Y40-49,PC_EMP,ES	3.5 	3.6 	3.6 	3.3 	3.2 	3.1 	3.0 	2.8 
Y40-49,PC_EMP,EU28	3.7 	3.7 	3.7 	3.7 	3.7 	3.6 	3.7 	3.5 
Y40-49,PC_EMP,FI	5.1 	4.4 	4.9 	5.3 	4.6 	4.3 	5.1 	4.8 
Y40-49,PC_EMP,FR	3.3 	3.3 	3.3 	3.1 	3.2 b	3.0 b	3.2 	3.3 
Y40-49,PC_EMP,HR	4.4 	3.6 	3.1 	3.5 	4.4 	2.7 	4.2 	4.1 
Y40-49,PC_EMP,HU	3.1 	3.3 	3.4 	3.6 	3.4 	3.6 	3.5 	3.5 
Y40-49,PC_EMP,IE	3.7 	3.6 b	4.2 	4.3 	4.2 	4.3 	3.7 	3.7 
Y40-49,PC_EMP,IS	5.5 	5.7 	6.3 	6.6 	5.5 	5.4 	5.2 	5.8 
Y40-49,PC_EMP,IT	3.7 	3.5 b	3.4 	3.7 	3.7 	3.5 	3.6 	3.4 
Y40-49,PC_EMP,LT	3.4 	3.0 	3.0 	3.8 	3.7 	3.3 	3.2 	3.5 
Y40-49,PC_EMP,LU	5.5 	4.7 	5.7 	5.0 b	7.2 	5.0 	5.3 	4.5 
Y40-49,PC_EMP,LV	3.0 	3.4 	3.6 	3.6 	3.4 	3.6 	3.4 	2.9 
Y40-49,PC_EMP,ME	3.8 	3.4 	3.2 u	3.1 u	4.7 	4.3 	2.4 u	4.7 
Y40-49,PC_EMP,MK	3.2 	3.0 	2.7 	2.8 	2.7 	2.7 	3.2 	3.0 
Y40-49,PC_EMP,MT	5.7 	5.7 	3.6 	4.0 	3.1 	3.5 	3.1 	3.0 
Y40-49,PC_EMP,NL	4.4 	4.5 	4.6 	4.6 	4.6 	4.5 b	4.2 	4.3 
Y40-49,PC_EMP,NO	4.2 	4.2 	3.7 	3.8 	3.9 	3.9 	4.0 	3.7 
Y40-49,PC_EMP,PL	3.6 	3.3 	3.2 	3.3 	3.0 	2.9 	2.7 	2.7 
Y40-49,PC_EMP,PT	3.5 	3.1 	3.1 	3.1 	3.0 	2.8 	3.4 	3.1 
Y40-49,PC_EMP,RO	1.8 	1.7 	1.6 	1.5 	1.4 	1.3 	1.5 	1.4 
Y40-49,PC_EMP,RS	3.1 	3.1 	3.4 	3.5 b	3.8 b	3.7 	1.6 	2.1 
Y40-49,PC_EMP,SE	4.8 	5.2 	5.0 	4.8 	4.8 	4.8 	4.9 	4.7 
Y40-49,PC_EMP,SI	4.7 	4.6 	4.8 	4.5 	4.2 	4.5 	3.8 	4.0 
Y40-49,PC_EMP,SK	2.7 	2.7 	2.7 	2.0 	2.2 	1.9 	2.3 	2.3 
Y40-49,PC_EMP,TR	2.2 	2.4 	2.1 	2.2 	2.2 b	2.0 	2.1 	1.9 
Y40-49,PC_EMP,UK	4.8 	4.5 	4.5 	4.6 	4.4 	4.4 	4.5 	3.9 
Y40-49,THS_PER,AT	40.8 	41.1 	45.5 	47.6 	46.7 	47.5 	44.2 	43.9 
Y40-49,THS_PER,BE	53.4 b	49.4 b	45.9 	47.7 	51.6 	40.6 	45.2 b	46.4 
Y40-49,THS_PER,BG	23.1 	23 	21.3 	19.4 	17.2 	17.8 	17.5 	15.8 
Y40-49,THS_PER,CH	52.8 	50 	44.4 	47.6 	48.3 	53.3 	50.6 	45.8 
Y40-49,THS_PER,CY	3.3 	2.7 	2.6 	2.7 b	2.8 	3.4 	2.7 	2.3 
Y40-49,THS_PER,CZ	54.2 	51 	57.2 	47.9 	49.2 	46.1 	48.6 	43.5 
Y40-49,THS_PER,DE	366.2 	377 	406.4 	409.6 	434 	462.9 	484 b	456.5 
Y40-49,THS_PER,DK	28.4 	30.9 b	30.4 b	30.5 	31.1 	32.1 	32.2 	29.2 
Y40-49,THS_PER,EE	6.9 	7.6 	7 	8.6 	6.8 	8.5 	8.3 	6.3 
Y40-49,THS_PER,EL	41.3 	38.2 	37.8 	34.3 	38.7 	35.7 	34 	31.6 
Y40-49,THS_PER,ES	210.2 	209.4 	202.8 	176.2 	164.1 	156.7 	152.4 	142.8 
Y40-49,THS_PER,EU28	2212.7 	2164.1 	2177.8 	2158.4 	2152.8 	2107.9 	2164.6 	2059.2 
Y40-49,THS_PER,FI	28.8 	24.5 	27.7 	30.1 	26.2 	25.6 	30.9 	29.7 
Y40-49,THS_PER,FR	234.4 	236.4 	237 	224.3 	236.3 b	219.6 b	231.9 	243.9 
Y40-49,THS_PER,HR	18.5 	14.8 	12.7 	14.5 	18.3 	10.7 	17.8 	17.6 
Y40-49,THS_PER,HU	41.8 	44.2 	43.7 	43.7 	39.5 	38.8 	36.2 	35.3 
Y40-49,THS_PER,IE	20.9 	19.7 b	21.6 	21.5 	20.1 	19.8 	16.7 	16.1 
Y40-49,THS_PER,IS	2.2 	2.2 	2.4 	2.5 	2 	2 	1.9 	2.1 
Y40-49,THS_PER,IT	252.4 	245.2 b	241.7 	261.5 	257.6 	247.1 	258.4 	243.2 
Y40-49,THS_PER,LT	10.7 	9.7 	9.9 	12.6 	12.4 	11.3 	11 	12.3 
Y40-49,THS_PER,LU	4.2 	3.6 	4.2 	3.7 b	5.3 	3.6 	3.8 	3.1 
Y40-49,THS_PER,LV	6.7 	7.4 	7.8 	7.7 	7.4 	7.9 	7.3 	6.3 
Y40-49,THS_PER,ME	2.3 	2 	1.8 u	1.7 u	2.6 	2.3 	1.3 u	2.6 
Y40-49,THS_PER,MK	6.3 	5.8 	5.2 	5.2 	4.9 	5 	5.6 	5.3 
Y40-49,THS_PER,MT	2.9 	2.7 	1.6 	1.7 	1.3 	1.3 	1.1 	1 
Y40-49,THS_PER,NL	82.9 	86.5 	89.6 	91.9 	92.3 	94 b	89.9 	91.9 
Y40-49,THS_PER,NO	25.8 	26.3 	23.7 	23.9 	24.8 	24.7 	25 	22.7 
Y40-49,THS_PER,PL	153.9 	134.9 	125.8 	125.2 	114.4 	105.5 	98.1 	97.3 
Y40-49,THS_PER,PT	46.9 	40.4 	40.1 	38.6 	36.7 	33.4 	40.3 	38.4 
Y40-49,THS_PER,RO	46.8 	44.5 	40.5 	37.1 	32.8 	29.8 	34.7 	30.3 
Y40-49,THS_PER,RS	23.2 	22.6 	23.9 	24.3 b	25.2 b	21.9 	9.7 	13.1 
Y40-49,THS_PER,SE	55.5 	60.2 	58.4 	55.9 	56.6 	55.4 	56.9 	53.6 
Y40-49,THS_PER,SI	12.8 	12.4 	12.6 	11.7 	11.1 	11.7 	10.2 	10.5 
Y40-49,THS_PER,SK	19 	18.3 	17.6 	12.3 	13.8 	11.6 	14 	13.6 
Y40-49,THS_PER,TR	155.6 	156.8 	132.9 	132.8 	133 b	121.8 	122.5 	106.9 
Y40-49,THS_PER,UK	345.8 	328.3 	328.5 	339.7 	328.7 	329.7 	336.5 	296.9 
Y50-59,PC_EMP,AT	3.5 	3.8 	3.6 	3.3 	3.7 	3.9 	3.6 	3.4 
Y50-59,PC_EMP,BE	3.7 b	3.9 b	3.6 	3.5 	3.5 	3.6 	3.9 b	3.6 
Y50-59,PC_EMP,BG	2.7 	2.8 	2.6 	2.6 	2.8 	2.8 	2.4 	2.3 
Y50-59,PC_EMP,CH	3.9 	4.1 	4.2 	4.3 	4.2 	4.8 	5.0 	4.8 
Y50-59,PC_EMP,CY	3.0 	2.8 	2.8 	3.5 b	3.7 	3.7 	3.2 	3.5 
Y50-59,PC_EMP,CZ	3.4 	3.1 	3.6 	3.3 	3.6 	3.4 	3.6 	3.7 
Y50-59,PC_EMP,DE	3.7 	3.8 	3.8 	3.9 	3.9 	3.8 	4.0 b	3.7 
Y50-59,PC_EMP,DK	3.5 	3.6 b	3.4 b	3.7 	3.8 	4.0 	4.2 	4.2 
Y50-59,PC_EMP,EE	4.9 	5.2 	4.6 	4.7 	4.0 	3.8 	4.9 	5.5 
Y50-59,PC_EMP,EL	2.6 	2.7 	2.8 	2.1 	2.9 	3.0 	3.4 	3.2 
Y50-59,PC_EMP,ES	2.8 	2.8 	3.0 	3.0 	2.6 	2.6 	2.5 	2.5 
Y50-59,PC_EMP,EU28	3.4 	3.4 	3.3 	3.3 	3.3 	3.4 	3.4 	3.3 
Y50-59,PC_EMP,FI	4.4 	4.1 	4.3 	4.6 	4.8 	4.5 	4.4 	4.6 
Y50-59,PC_EMP,FR	3.4 	3.1 	3.1 	3.0 	2.7 b	3.0 b	2.9 	2.8 
Y50-59,PC_EMP,HR	3.2 	3.3 	2.6 u	2.6 u	2.5 u	3.3 	3.0 	1.9 u
Y50-59,PC_EMP,HU	3.3 	2.9 	3.3 	3.5 	3.6 	3.4 	3.2 	3.2 
Y50-59,PC_EMP,IE	3.3 	3.9 b	3.9 	3.6 	3.6 	4.1 	3.7 	3.5 
Y50-59,PC_EMP,IS	5.8 	7.8 	7.0 	5.4 	5.0 	4.7 	4.2 	4.0 
Y50-59,PC_EMP,IT	3.3 	3.0 b	2.7 	3.1 	3.1 	3.3 	3.4 	3.2 
Y50-59,PC_EMP,LT	3.2 	4.0 	4.1 	4.0 	4.3 	4.2 	3.5 	3.7 
Y50-59,PC_EMP,LU	4.3 	4.4 	4.8 	6.0 b	5.9 	6.4 	5.3 	6.2 
Y50-59,PC_EMP,LV	2.7 	2.7 	4.3 	4.4 	4.1 	3.8 	3.9 	3.3 
Y50-59,PC_EMP,ME	3.3 u	3.0 u	3.5 u	3.9 u	3.3 u	3.6 u	3.3 u	: u
Y50-59,PC_EMP,MK	2.3 	2.7 	2.8 	2.9 	2.7 	2.8 	3.7 	3.5 
Y50-59,PC_EMP,MT	4.4 	4.3 	4.8 	3.9 	4.3 	4.4 	4.4 	3.6 
Y50-59,PC_EMP,NL	4.1 	4.4 	4.1 	4.2 	4.7 	4.6 b	4.1 	4.0 
Y50-59,PC_EMP,NO	3.3 	3.3 	3.9 	3.8 	3.5 	4.0 	4.1 	4.5 
Y50-59,PC_EMP,PL	2.8 	2.9 	2.7 	2.5 	2.7 	2.4 	2.4 	2.5 
Y50-59,PC_EMP,PT	2.8 	2.6 	2.4 	2.2 	2.3 	2.2 	2.1 	2.0 
Y50-59,PC_EMP,RO	1.4 	1.4 	1.3 	1.2 	1.2 	1.3 	1.6 	1.4 
Y50-59,PC_EMP,RS	2.7 	2.7 	3.0 	2.8 b	3.2 b	3.4 	1.7 	1.9 
Y50-59,PC_EMP,SE	4.3 	4.2 	4.4 	3.8 	3.5 	4.1 	4.2 	4.3 
Y50-59,PC_EMP,SI	4.4 	3.9 	3.6 	3.7 	3.7 	4.2 	4.7 	3.6 
Y50-59,PC_EMP,SK	2.2 	2.2 	2.5 	2.6 	2.9 	2.3 	2.5 	2.5 
Y50-59,PC_EMP,TR	1.8 	1.8 	1.4 	1.5 	1.5 b	1.5 	1.4 	1.5 
Y50-59,PC_EMP,UK	4.0 	4.1 	4.2 	4.0 	4.2 	4.1 	4.2 	4.2 
Y50-59,THS_PER,AT	37.5 	38.9 	35.5 	31.3 	33.1 	34.3 	30 	27.1 
Y50-59,THS_PER,BE	43.1 b	44.8 b	40.2 	38.2 	36.8 	37.6 	38.9 b	34.7 
Y50-59,THS_PER,BG	19.4 	20 	18.3 	18.8 	19.7 	19.5 	16.9 	16.4 
Y50-59,THS_PER,CH	42 	42.6 	43 	42.5 	40 	44.3 	44.6 	42.1 
Y50-59,THS_PER,CY	2.4 	2.1 	2 	2.4 b	2.5 	2.6 	2.3 	2.6 
Y50-59,THS_PER,CZ	40.4 	36.3 	41.2 	36.9 	40.2 	36.6 	38.9 	40.2 
Y50-59,THS_PER,DE	413.4 	416.6 	403.2 	400.7 	380.8 	367.1 	367 b	327.6 
Y50-59,THS_PER,DK	22.7 	23.2 b	21.8 b	22.7 	23.1 	23.5 	24 	24.1 
Y50-59,THS_PER,EE	6.9 	7.3 	6.4 	6.6 	5.5 	5.2 	6.6 	7.4 
Y50-59,THS_PER,EL	22.9 	23.1 	22.5 	15.9 	21.3 	22.7 	26.2 	26.4 
Y50-59,THS_PER,ES	129.5 	123.9 	123.5 	118.2 	96.8 	94.4 	89.9 	89 
Y50-59,THS_PER,EU28	1854.9 	1808.3 	1744.8 	1692.1 	1655.4 	1630.6 	1602.7 	1513.3 
Y50-59,THS_PER,FI	26.5 	24.4 	24.9 	27 	28.1 	26.1 	25.6 	27 
Y50-59,THS_PER,FR	225.6 	207.7 	202.2 	189.7 	174 b	182.3 b	173.6 	165.6 
Y50-59,THS_PER,HR	11.8 	11.7 	9 u	9.1 u	8.9 u	11.6 	10.7 	6.8 u
Y50-59,THS_PER,HU	31.8 	26.5 	30.2 	31.7 	33.1 	30.1 	28.2 	27.7 
Y50-59,THS_PER,IE	13.9 	15.9 b	15.3 	13.6 	12.8 	14 	12 	11.4 
Y50-59,THS_PER,IS	2.1 	2.9 	2.6 	2 	1.8 	1.6 	1.5 	1.3 
Y50-59,THS_PER,IT	205.7 	184.8 b	161.4 	174.3 	172.8 	177.4 	176 	159.8 
Y50-59,THS_PER,LT	11.1 	13.4 	14.1 	13.2 	14.1 	13.1 	10.6 	10.8 
Y50-59,THS_PER,LU	2.5 	2.5 	2.7 	3 b	3 	3 	2.5 	2.7 
Y50-59,THS_PER,LV	5.8 	5.5 	8.9 	9.1 	8.6 	7.9 	7.8 	6.6 
Y50-59,THS_PER,ME	1.7 u	1.5 u	1.7 u	1.9 u	1.6 u	1.7 u	1.5 u	: u
Y50-59,THS_PER,MK	3.7 	4.2 	4.5 	4.4 	4.2 	4.1 	5.2 	4.8 
Y50-59,THS_PER,MT	1.8 	1.7 	1.8 	1.5 	1.5 	1.5 	1.5 	1.2 
Y50-59,THS_PER,NL	81.3 	84.3 	77.1 	76.1 	83.4 	81.5 b	71.6 	69 
Y50-59,THS_PER,NO	18.1 	17.9 	21.1 	20 	18.4 	20.7 	21 	23 
Y50-59,THS_PER,PL	90.7 	95.2 	90.6 	87 	92.2 	82.3 	82.3 	83.4 
Y50-59,THS_PER,PT	30.7 	27.5 	24.1 	22.2 	21.3 	20.6 	19.3 	18.4 
Y50-59,THS_PER,RO	23.2 	21 	19.5 	18.1 	19.6 	20.9 	26.1 	22.2 
Y50-59,THS_PER,RS	16.5 	16.3 	18 	16.4 b	18.6 b	20 	9.8 	11.1 
Y50-59,THS_PER,SE	47.7 	46.2 	46.5 	38.6 	34.4 	39.8 	40.5 	41.3 
Y50-59,THS_PER,SI	10.3 	8.7 	7.5 	7.6 	7.2 	8 	8.9 	6.6 
Y50-59,THS_PER,SK	12.6 	12.2 	13.8 	14.2 	15.5 	12.4 	13.6 	13.2 
Y50-59,THS_PER,TR	72.8 	67.7 	52 	51.5 	47.8 b	45.8 	40.3 	42.4 
Y50-59,THS_PER,UK	283.8 	282.9 	280.7 	264.5 	265.3 	254.5 	251.2 	244.1 
Y60-64,PC_EMP,AT	5.2 	3.8 u	4.3 u	5.3 u	4.9 u	4.4 u	5.2 u	5.7 u
Y60-64,PC_EMP,BE	5.3 b	4.2 b	4.9 	5.1 	4.9 	5.3 	5.1 b	5.1 
Y60-64,PC_EMP,BG	2.3 u	2.5 u	3.2 u	3.0 u	2.5 u	2.4 u	: u	2.7 u
Y60-64,PC_EMP,CH	4.6 	4.6 	5.1 	5.4 	5.3 	6.6 	6.0 	5.9 
Y60-64,PC_EMP,CY	: u	3.6 u	4.0 u	5.8 bu	: u	: u	3.3 u	4.1 u
Y60-64,PC_EMP,CZ	3.9 	4.7 	4.5 	3.8 	4.2 	4.1 	4.1 	4.4 
Y60-64,PC_EMP,DE	4.1 	4.1 	4.1 	4.0 	4.0 	4.1 	4.2 b	4.0 
Y60-64,PC_EMP,DK	4.2 	4.7 b	4.1 b	3.9 	4.4 	4.7 	3.9 	4.2 
Y60-64,PC_EMP,EE	5.1 	5.3 	4.4 u	3.4 u	4.1 u	5.7 u	4.5 u	5.5 u
Y60-64,PC_EMP,EL	2.7 	2.5 	2.4 	2.5 	3.0 	3.6 	3.7 	3.1 
Y60-64,PC_EMP,ES	3.0 	3.1 	2.6 	2.8 	2.7 	3.0 	2.4 	2.6 
Y60-64,PC_EMP,EU28	3.8 	3.9 	3.9 	3.9 	3.8 	4.0 	4.0 	3.9 
Y60-64,PC_EMP,FI	4.6 	5.4 	4.8 	5.3 	5.0 	4.7 	4.5 	5.5 
Y60-64,PC_EMP,FR	5.0 	4.8 	4.0 	3.8 	4.5 b	5.2 b	4.4 	4.7 
Y60-64,PC_EMP,HR	3.0 u	4.0 u	3.9 u	4.7 u	4.6 u	3.9 u	2.8 u	3.6 u
Y60-64,PC_EMP,HU	2.8 	3.8 	5.1 	5.6 	5.1 	5.2 	6.4 	7.1 
Y60-64,PC_EMP,IE	2.9 	3.4 b	4.0 	3.1 	3.5 	3.3 u	3.6 	4.0 
Y60-64,PC_EMP,IS	5.0 	7.4 	5.8 	5.2 	5.8 	8.8 	5.4 	: u
Y60-64,PC_EMP,IT	3.5 	4.0 b	3.7 	3.6 	3.6 	3.7 	3.5 	3.5 
Y60-64,PC_EMP,LT	5.1 	4.8 	2.8 u	4.1 u	5.1 u	6.1 u	: u	: u
Y60-64,PC_EMP,LU	8.4 u	: u	11.2 u	: bu	8.5 u	: u	: u	: u
Y60-64,PC_EMP,LV	2.8 u	3.0 u	3.6 	3.3 u	3.0 u	4.1 u	4.4 u	: u
Y60-64,PC_EMP,ME	: u	: u	: u	: u	: u	: u	: u	: u
Y60-64,PC_EMP,MK	2.9 	2.7 u	3.1 	2.7 u	4.1 	3.6 u	4.2 	4.1 u
Y60-64,PC_EMP,MT	4.1 u	6.1 u	5.0 u	6.1 u	5.7 u	: u	: u	: u
Y60-64,PC_EMP,NL	5.0 	4.0 	4.6 	5.0 	4.5 	5.0 b	5.0 	4.8 
Y60-64,PC_EMP,NO	4.0 	2.8 	2.8 	4.5 	4.3 	4.5 	4.3 	4.4 
Y60-64,PC_EMP,PL	3.3 	3.9 	3.6 	3.3 	2.5 	3.0 	3.7 	3.4 
Y60-64,PC_EMP,PT	1.8 	1.6 	1.8 	: u	1.9 	: u	: u	: u
Y60-64,PC_EMP,RO	: u	: u	: u	: u	: u	: u	: u	: u
Y60-64,PC_EMP,RS	2.1 	2.2 	2.1 	3.0 b	4.3 b	4.7 u	1.8 u	: u
Y60-64,PC_EMP,SE	4.1 	4.3 	4.6 	4.6 	4.6 	4.9 	4.9 	4.6 
Y60-64,PC_EMP,SI	4.2 u	3.6 u	4.2 u	3.9 u	4.0 u	5.9 u	5.7 u	2.8 u
Y60-64,PC_EMP,SK	3.3 	3.5 	2.1 u	4.1 	3.5 u	: u	3.4 u	5.1 u
Y60-64,PC_EMP,TR	1.8 	1.3 	1.4 	1.1 	0.9 b	1.2 	0.8 	1.0 
Y60-64,PC_EMP,UK	4.2 	4.3 	4.7 	4.9 	4.6 	4.7 	5.1 	4.7 
Y60-64,THS_PER,AT	8.4 	5.3 u	5.6 u	5.9 u	5.4 u	4.6 u	4.9 u	5.3 u
Y60-64,THS_PER,BE	11.1 b	8 b	8.5 	8.1 	7.6 	7.8 	7 b	7 
Y60-64,THS_PER,BG	5.3 u	5.5 u	6.3 u	5.8 u	4.5 u	4 u	: u	3.9 u
Y60-64,THS_PER,CH	13.9 	13.5 	14.4 	14.6 	13.8 	17.3 	15.1 	15.1 
Y60-64,THS_PER,CY	: u	0.8 u	0.8 u	1 bu	: u	: u	0.6 u	0.8 u
Y60-64,THS_PER,CZ	12.4 	14.2 	12.3 	9.5 	9.8 	9 	8.3 	8.5 
Y60-64,THS_PER,DE	133.7 	127.7 	120.7 	111.8 	107.4 	105.1 	96.3 b	83.1 
Y60-64,THS_PER,DK	8.6 	9 b	7.4 b	6.4 	7 	7.2 	5.8 	6.4 
Y60-64,THS_PER,EE	2.5 	2.5 	2 u	1.5 u	1.8 u	2.4 u	1.8 u	2 u
Y60-64,THS_PER,EL	5.6 	4.6 	3.9 	4.1 	4.8 	5.6 	5.9 	5.8 
Y60-64,THS_PER,ES	31.8 	31.9 	24.3 	25.3 	22.4 	22.8 	18.4 	20.6 
Y60-64,THS_PER,EU28	542.7 	529.2 	491 	461.5 	430.3 	423.7 	399.2 	375.6 
Y60-64,THS_PER,FI	8.6 	9.8 	8.5 	8.9 	8.4 	7.9 	7.6 	9.1 
Y60-64,THS_PER,FR	62.4 	56.3 	45.1 	41.7 	45.4 b	48.5 b	38.2 	35.2 
Y60-64,THS_PER,HR	2.7 u	3.2 u	3 u	3.9 u	3.2 u	2.8 u	1.9 u	2.6 u
Y60-64,THS_PER,HU	7.6 	9.6 	11.9 	10.1 	6.8 	5.3 	5.8 	6.3 
Y60-64,THS_PER,IE	3.7 	4.1 b	4.5 	3.3 	3.4 	3 u	3.2 	3.5 
Y60-64,THS_PER,IS	0.8 	1.1 	0.9 	0.8 	0.8 	1.2 	0.7 	: u
Y60-64,THS_PER,IT	53.7 	58.4 b	49.8 	44 	40.9 	35 	29.8 	27.6 
Y60-64,THS_PER,LT	5.4 	4.5 	2.4 u	3.2 u	3.6 u	3.9 u	: u	: u
Y60-64,THS_PER,LU	0.5 u	: u	0.6 u	: bu	0.5 u	: u	: u	: u
Y60-64,THS_PER,LV	1.9 u	1.9 u	2.2 	1.8 u	1.4 u	1.9 u	2 u	: u
Y60-64,THS_PER,ME	: u	: u	: u	: u	: u	: u	: u	: u
Y60-64,THS_PER,MK	1.2 	1.1 u	1.1 	0.9 u	1.1 	1 u	1.2 	1 u
Y60-64,THS_PER,MT	0.4 u	0.6 u	0.4 u	0.4 u	0.4 u	: u	: u	: u
Y60-64,THS_PER,NL	31.4 	23.8 	25.5 	26.5 	22.2 	23.9 b	22.3 	20.2 
Y60-64,THS_PER,NO	7.8 	5.4 	5.4 	8.4 	7.9 	8 	7.7 	7.6 
Y60-64,THS_PER,PL	30.1 	34.4 	29.6 	24.8 	17.4 	18.2 	20.4 	17.3 
Y60-64,THS_PER,PT	5.4 	4.5 	4.6 	: u	4.6 	: u	: u	: u
Y60-64,THS_PER,RO	: u	: u	: u	: u	: u	: u	: u	: u
Y60-64,THS_PER,RS	4.1 	4.4 	3.9 	4.5 b	6.2 b	6.8 u	2.3 u	: u
Y60-64,THS_PER,SE	16 	16.5 	17.3 	16.9 	17.4 	18.5 	18.6 	17.5 
Y60-64,THS_PER,SI	1.5 u	1.1 u	1.1 u	0.9 u	1.1 u	1.3 u	1.1 u	0.5 u
Y60-64,THS_PER,SK	4 	4.1 	2 u	3.3 	2.5 u	: u	2.2 u	2.7 u
Y60-64,THS_PER,TR	18.4 	12.8 	12.5 	9 	7 b	8.9 	6 	6.4 
Y60-64,THS_PER,UK	84.1 	81 	85.9 	85 	77.3 	76.3 	82.9 	77.9 
Y_GE65,PC_EMP,AT	7.8 	7.9 u	6.7 u	7.0 u	7.2 u	7.9 u	5.2 u	7.8 u
Y_GE65,PC_EMP,BE	8.3 bu	5.8 bu	7.4 u	6.2 u	6.1 u	5.0 u	8.1 bu	6.2 u
Y_GE65,PC_EMP,BG	: u	: u	: u	: u	: u	: u	: u	: u
Y_GE65,PC_EMP,CH	8.9 	9.5 	9.2 	11.0 	10.5 	9.6 	9.3 	10.5 
Y_GE65,PC_EMP,CY	5.2 u	: u	: u	: bu	: u	: u	: u	: u
Y_GE65,PC_EMP,CZ	6.0 	8.3 	7.5 	6.9 	8.3 	8.7 	8.1 	8.0 
Y_GE65,PC_EMP,DE	7.8 	7.9 	7.6 	7.6 	7.7 	7.9 	8.5 b	7.0 
Y_GE65,PC_EMP,DK	5.9 	5.9 b	5.8 b	8.1 	8.7 	6.8 	9.5 	8.4 
Y_GE65,PC_EMP,EE	5.8 u	7.8 	7.4 u	6.1 u	5.6 u	8.3 u	12.5 	10.2 u
Y_GE65,PC_EMP,EL	2.4 u	: u	: u	: u	: u	: u	2.4 u	2.8 u
Y_GE65,PC_EMP,ES	4.8 	4.7 	3.0 u	6.1 	5.6 	4.5 	4.8 	3.9 
Y_GE65,PC_EMP,EU28	6.0 	6.2 	5.7 	5.9 	5.8 	6.0 	6.0 	5.4 
Y_GE65,PC_EMP,FI	9.0 	9.7 	7.4 	6.6 	9.2 	9.2 	5.9 u	10.6 
Y_GE65,PC_EMP,FR	7.6 	9.6 	6.9 	6.8 	7.4 b	8.6 b	10.3 	9.8 
Y_GE65,PC_EMP,HR	: u	5.1 u	5.5 u	: u	: u	3.6 u	4.3 u	: u
Y_GE65,PC_EMP,HU	7.0 u	: u	6.2 u	: u	: u	: u	9.3 u	10.1 u
Y_GE65,PC_EMP,IE	3.4 u	4.6 b	3.9 u	4.3 u	: u	: u	: u	: u
Y_GE65,PC_EMP,IS	7.3 	5.7 	5.9 	5.6 	: u	7.4 	7.9 	: u
Y_GE65,PC_EMP,IT	5.1 	5.0 b	3.4 	3.2 	3.6 	4.5 	3.9 	3.8 
Y_GE65,PC_EMP,LT	6.7 u	5.2 u	5.0 u	5.4 u	5.9 u	6.0 u	: u	: u
Y_GE65,PC_EMP,LU	: u	: u	: u	: bu	: u	: u	: u	: u
Y_GE65,PC_EMP,LV	5.8 	6.7 	6.9 	: u	5.9 u	6.8 u	: u	: u
Y_GE65,PC_EMP,ME	: u	: u	: u	: u	: u	: u	: u	: u
Y_GE65,PC_EMP,MK	: u	: u	5.4 u	: u	: u	: u	: u	: u
Y_GE65,PC_EMP,MT	9.9 u	: u	: u	9.1 u	: u	: u	: u	: u
Y_GE65,PC_EMP,NL	7.7 	6.7 	7.0 	7.2 	8.5 	9.5 b	9.3 	8.2 
Y_GE65,PC_EMP,NO	5.6 	5.9 	5.9 	6.0 	6.0 	5.7 	6.8 	5.2 
Y_GE65,PC_EMP,PL	4.7 	4.5 	4.3 u	4.3 u	4.8 u	4.5 u	5.5 u	5.5 u
Y_GE65,PC_EMP,PT	: u	: u	: u	: u	: u	: u	: u	: u
Y_GE65,PC_EMP,RO	: u	: u	: u	: u	: u	: u	: u	: u
Y_GE65,PC_EMP,RS	1.4 u	1.0 u	0.8 u	: bu	: bu	: u	: u	: u
Y_GE65,PC_EMP,SE	6.9 	7.5 	7.7 	8.5 	7.9 	7.2 	7.3 	8.1 
Y_GE65,PC_EMP,SI	4.9 u	5.3 u	: u	: u	: u	3.0 u	: u	: u
Y_GE65,PC_EMP,SK	8.3 u	7.2 u	: u	: u	: u	: u	: u	: u
Y_GE65,PC_EMP,TR	1.0 	1.2 	0.6 	0.8 	0.8 b	0.4 	0.3 u	0.3 u
Y_GE65,PC_EMP,UK	6.6 	7.0 	6.8 	7.8 	7.0 	7.4 	7.1 	6.6 
Y_GE65,THS_PER,AT	6.1 	5.9 u	5.2 u	5.6 u	5.6 u	5.9 u	3.7 u	5.5 u
Y_GE65,THS_PER,BE	4.6 bu	2.9 bu	3.4 u	3.2 u	2.8 u	2.3 u	3.6 bu	2.4 u
Y_GE65,THS_PER,BG	: u	: u	: u	: u	: u	: u	: u	: u
Y_GE65,THS_PER,CH	16.6 	17.3 	16.7 	18.4 	17.1 	14.1 	12.7 	13.5 
Y_GE65,THS_PER,CY	0.6 u	: u	: u	: bu	: u	: u	: u	: u
Y_GE65,THS_PER,CZ	8.9 	10.6 	9.2 	7.5 	7.5 	7.9 	6.4 	6.1 
Y_GE65,THS_PER,DE	99.5 	93.4 	83.7 	78.4 	74 	70.7 	68.4 b	52 
Y_GE65,THS_PER,DK	4.9 	4.8 b	5.4 b	5.9 	6.4 	4.5 	6.4 	5 
Y_GE65,THS_PER,EE	2 u	2.6 	2.4 u	1.7 u	1.4 u	2.1 u	3 	2.2 u
Y_GE65,THS_PER,EL	1.8 u	: u	: u	: u	: u	: u	1.4 u	2.1 u
Y_GE65,THS_PER,ES	9.2 	8.3 	4.7 u	9.1 	7.5 	6.2 	7.4 	5.8 
Y_GE65,THS_PER,EU28	360.5 	348.6 	301.9 	301.5 	283.4 	276.4 	266.7 	226.9 
Y_GE65,THS_PER,FI	6.7 	6.8 	5.1 	4.5 	5.6 	4.9 	3.1 u	4.8 
Y_GE65,THS_PER,FR	28.5 	35.4 	23.5 	20.7 	19.8 b	20.5 b	24.3 	19.1 
Y_GE65,THS_PER,HR	: u	1.1 u	1.3 u	: u	: u	1.1 u	1.6 u	: u
Y_GE65,THS_PER,HU	4.1 u	: u	2.6 u	: u	: u	: u	3.2 u	3.5 u
Y_GE65,THS_PER,IE	2.6 u	3.2 b	2.5 u	2.7 u	: u	: u	: u	: u
Y_GE65,THS_PER,IS	0.8 	0.6 	0.6 	0.6 	: u	0.6 	0.6 	: u
Y_GE65,THS_PER,IT	32.3 	28.7 b	17.4 	15.6 	16.9 	19.7 	16.3 	14.5 
Y_GE65,THS_PER,LT	3.4 u	2.6 u	2.2 u	1.9 u	1.8 u	1.7 u	: u	: u
Y_GE65,THS_PER,LU	: u	: u	: u	: bu	: u	: u	: u	: u
Y_GE65,THS_PER,LV	2.1 	2.2 	2.1 	: u	1.5 u	1.9 u	: u	: u
Y_GE65,THS_PER,ME	: u	: u	: u	: u	: u	: u	: u	: u
Y_GE65,THS_PER,MK	: u	: u	0.5 u	: u	: u	: u	: u	: u
Y_GE65,THS_PER,MT	0.4 u	: u	: u	0.4 u	: u	: u	: u	: u
Y_GE65,THS_PER,NL	19.6 	15.4 	14.3 	14.7 	17.7 	17.3 b	15.9 	11.5 
Y_GE65,THS_PER,NO	5.5 	5.5 	5.5 	5.8 	5.4 	4.6 	5.4 	3.9 
Y_GE65,THS_PER,PL	16.4 	15.6 	12.8 u	11.7 u	13 u	11.4 u	13.9 u	13.7 u
Y_GE65,THS_PER,PT	: u	: u	: u	: u	: u	: u	: u	: u
Y_GE65,THS_PER,RO	: u	: u	: u	: u	: u	: u	: u	: u
Y_GE65,THS_PER,RS	2 u	1.4 u	1.1 u	: bu	: bu	: u	: u	: u
Y_GE65,THS_PER,SE	13.1 	14.1 	13.4 	15.1 	13.8 	10.8 	10.7 	10.4 
Y_GE65,THS_PER,SI	0.9 u	0.8 u	: u	: u	: u	0.5 u	: u	: u
Y_GE65,THS_PER,SK	2.8 u	2.1 u	: u	: u	: u	: u	: u	: u
Y_GE65,THS_PER,TR	8.7 	9.9 	4.7 	6.1 	5.6 b	2.8 	2.2 u	1.7 u
Y_GE65,THS_PER,UK	82 	82.2 	82.5 	91.8 	77.6 	77.1 	67.2 	58 
